CNPJ empresa,CNPJ prestador,nfs
01.637.593/0001-64,37.295.690/0001-63,1462
01.637.593/0001-64,37.295.690/0001-63,1491
01.637.593/0001-64,37.295.690/0001-63,1514
01.637.593/0001-64,37.295.690/0001-63,1527
01.637.593/0001-64,37.295.690/0001-63,1534
42.418.771/0001-43,37.295.690/0001-63,1378
42.418.771/0001-43,37.295.690/0001-63,1379
42.418.771/0001-43,37.295.690/0001-63,1401
42.418.771/0001-43,37.295.690/0001-63,1465
42.418.771/0001-43,37.295.690/0001-63,1466
42.418.771/0001-43,37.295.690/0001-63,1502
42.418.771/0001-43,37.295.690/0001-63,1516
54.409.926/0001-64,37.295.690/0001-63,1486
54.409.926/0001-64,37.295.690/0001-63,1489
54.409.926/0001-64,37.295.690/0001-63,1490
